{
    "izzi": {
        "rub" : {
            "min" : "Спасибо за ожидание. Благодаря вашей игровой статистике я могу предложить вам бонус - 100 фриспинов по ставке 20 рублей в играх Space Wars или Archangels: Salvation от провайдера NetEnt. Вейджер на бонус - 1. Максимальный выигрыш - Х20 от суммы полученного бонуса. Хотели бы вы его получить?",
            "mid" : "Спасибо за ожидание. Благодаря вашей игровой статистике я могу предложить вам бонус - 40 фриспинов по ставке 50 рублей в играх Ghost Pirates или Twin Spin от провайдера NetEnt. Вейджер на бонус - 1. Максимальный выигрыш - Х20 от суммы полученного бонуса. Хотели бы вы его получить?",
            "max" : "Спасибо за ожидание. Благодаря вашей игровой статистике я могу предложить вам бонус - 20 фриспинов по ставке 100 рублей в играх Temple of Nudges или Twin Happiness от провайдера NetEnt. Вейджер на бонус - 1. Максимальный выигрыш - Х20 от суммы полученного бонуса. Хотели бы вы его получить?"
        },
        "uah" : {
            "min" : "Спасибо за ожидание. Благодаря вашей игровой статистике я могу предложить вам бонус - 100 фриспинов по ставке 8 гривен в игре Avalon: The Lost Kingdom от провайдера BGaming. Вейджер на бонус - 1. Максимальный выигрыш - Х20 от суммы полученного бонуса. Хотели бы вы его получить?",
            "mid" : "Спасибо за ожидание. Благодаря вашей игровой статистике я могу предложить вам бонус - 40 фриспинов по ставке 20 гривен в игре Lucky Wolf Moon от провайдера BGaming. Вейджер на бонус - 1. Максимальный выигрыш - Х20 от суммы полученного бонуса. Хотели бы вы его получить?",
            "max" : "Спасибо за ожидание. Благодаря вашей игровой статистике я могу предложить вам бонус - 20 фриспинов по ставке 40 гривен в игре Avalon: The Lost Kingdom от провайдера BGaming. Вейджер на бонус - 1. Максимальный выигрыш - Х20 от суммы полученного бонуса. Хотели бы вы его получить?"
        },
        "kzt" : {
            "min" : "Спасибо за ожидание. Благодаря вашей игровой статистике я могу предложить вам бонус - 100 фриспинов по ставке 120 тенге в игре Wins of Fortune от провайдера Quickspin. Вейджер на бонус - 1. Максимальный выигрыш - Х20 от суммы полученного бонуса. Хотели бы вы его получить?",
            "mid" : "Спасибо за ожидание. Благодаря вашей игровой статистике я могу предложить вам бонус - 40 фриспинов по ставке 300 тенге в игре Sakura Fortune от провайдера Quickspin. Вейджер на бонус - 1. Максимальный выигрыш - Х20 от суммы полученного бонуса. Хотели бы вы его получить?",
            "max" : "Спасибо за ожидание. Благодаря вашей игровой статистике я могу предложить вам бонус - 20 фриспинов по ставке 600 тенге в игре Mighty Arthur от провайдера Quickspin. Вейджер на бонус - 1. Максимальный выигрыш - Х20 от суммы полученного бонуса. Хотели бы вы его получить?"
        },
        "usd" : {
            "min" : "Спасибо за ожидание. Благодаря вашей игровой статистике я могу предложить вам бонус - 100 фриспинов по ставке 40 центов в играх Space Wars или Archangels: Salvation от провайдера NetEnt. Вейджер на бонус - 1. Максимальный выигрыш - Х20 от суммы полученного бонуса. Хотели бы вы его получить?",
            "mid" : "Спасибо за ожидание. Благодаря вашей игровой статистике я могу предложить вам бонус - 40 фриспинов по ставке 1 доллар/евро в играх Ghost Pirates или Twin Spin от провайдера NetEnt. Вейджер на бонус - 1. Максимальный выигрыш - Х20 от суммы полученного бонуса. Хотели бы вы его получить?",
            "max" : "Спасибо за ожидание. Благодаря вашей игровой статистике я могу предложить вам бонус - 20 фриспинов по ставке 2,5 доллара/евро в играх Temple of Nudges или Twin Happiness от провайдера NetEnt. Вейджер на бонус - 1. Максимальный выигрыш - Х20 от суммы полученного бонуса. Хотели бы вы его получить?"
        }
        
    },
    "volna": {
        "rub" : {
            "min" : "Спасибо за ожидание. Благодаря вашей игровой статистике я могу предложить вам бонус - 100 фриспинов по ставке 20 рублей в играх Space Wars или Archangels: Salvation от провайдера NetEnt. Вейджер на бонус - 1. Максимальный выигрыш - Х20 от суммы полученного бонуса. Хотели бы вы его получить?",
            "mid" : "Спасибо за ожидание. Благодаря вашей игровой статистике я могу предложить вам бонус - 40 фриспинов по ставке 50 рублей в играх Ghost Pirates или Twin Spin от провайдера NetEnt. Вейджер на бонус - 1. Максимальный выигрыш - Х20 от суммы полученного бонуса. Хотели бы вы его получить?",
            "max" : "Спасибо за ожидание. Благодаря вашей игровой статистике я могу предложить вам бонус - 20 фриспинов по ставке 100 рублей в играх Temple of Nudges или Twin Happiness от провайдера NetEnt. Вейджер на бонус - 1. Максимальный выигрыш - Х20 от суммы полученного бонуса. Хотели бы вы его получить?"
        },
        "uah" : {
            "min" : "Спасибо за ожидание. Благодаря вашей игровой статистике я могу предложить вам бонус - 100 фриспинов по ставке 8 гривен в игре Avalon: The Lost Kingdom от провайдера BGaming. Вейджер на бонус - 1. Максимальный выигрыш - Х20 от суммы полученного бонуса. Хотели бы вы его получить?",
            "mid" : "Спасибо за ожидание. Благодаря вашей игровой статистике я могу предложить вам бонус - 40 фриспинов по ставке 20 гривен в игре Lucky Wolf Moon от провайдера BGaming. Вейджер на бонус - 1. Максимальный выигрыш - Х20 от суммы полученного бонуса. Хотели бы вы его получить?",
            "max" : "Спасибо за ожидание. Благодаря вашей игровой статистике я могу предложить вам бонус - 20 фриспинов по ставке 40 гривен в игре Avalon: The Lost Kingdom от провайдера BGaming. Вейджер на бонус - 1. Максимальный выигрыш - Х20 от суммы полученного бонуса. Хотели бы вы его получить?"
        },
        "kzt" : {
            "min" : "Спасибо за ожидание. Благодаря вашей игровой статистике я могу предложить вам бонус - 100 фриспинов по ставке 120 тенге в игре Wins of Fortune от провайдера Quickspin. Вейджер на бонус - 1. Максимальный выигрыш - Х20 от суммы полученного бонуса. Хотели бы вы его получить?",
            "mid" : "Спасибо за ожидание. Благодаря вашей игровой статистике я могу предложить вам бонус - 40 фриспинов по ставке 300 тенге в игре Sakura Fortune от провайдера Quickspin. Вейджер на бонус - 1. Максимальный выигрыш - Х20 от суммы полученного бонуса. Хотели бы вы его получить?",
            "max" : "Спасибо за ожидание. Благодаря вашей игровой статистике я могу предложить вам бонус - 20 фриспинов по ставке 600 тенге в игре Mighty Arthur от провайдера Quickspin. Вейджер на бонус - 1. Максимальный выигрыш - Х20 от суммы полученного бонуса. Хотели бы вы его получить?"
        },
        "usd" : {
            "min" : "Спасибо за ожидание. Благодаря вашей игровой статистике я могу предложить вам бонус - 100 фриспинов по ставке 40 центов в играх Space Wars или Archangels: Salvation от провайдера NetEnt. Вейджер на бонус - 1. Максимальный выигрыш - Х20 от суммы полученного бонуса. Хотели бы вы его получить?",
            "mid" : "Спасибо за ожидание. Благодаря вашей игровой статистике я могу предложить вам бонус - 40 фриспинов по ставке 1 доллар/евро в играх Ghost Pirates или Twin Spin от провайдера NetEnt. Вейджер на бонус - 1. Максимальный выигрыш - Х20 от суммы полученного бонуса. Хотели бы вы его получить?",
            "max" : "Спасибо за ожидание. Благодаря вашей игровой статистике я могу предложить вам бонус - 20 фриспинов по ставке 2,5 доллара/евро в играх Temple of Nudges или Twin Happiness от провайдера NetEnt. Вейджер на бонус - 1. Максимальный выигрыш - Х20 от суммы полученного бонуса. Хотели бы вы его получить?"
        }
    }
}